Workbook

Sheet 交易记录
A1: 账户 | B1: 买入日期 | C1: 卖出日期 | D1: 股票代码 | E1: 股票名称 | F1: 成本价(元) | G1: 卖出价(元) | H1: 数量(股) | I1: 买入金额(元） | J1: 卖出金额（元） | K1: 手续费 | L1: 实际盈亏金额（元） | M1: 盈亏比例（%） | N1: 单笔风险1R(元）(按当前账户本金亏损的4%来算) | O1: 盈亏R数 | P1: 是否盈利 | Q1: 实际盈亏比 | R1: 亏损1R的卖出价 | S1: 策略类型 | T1: 买点逻辑 | U1: 止损止盈原因
A2: 国信 | B2: 46100 | C2: 46111 | D2: 600498 | E2: 烽火通信 | F2: 43.886 | G2: 47.75 | H2: 600 | I2: =F2*H2 -> 26331.6 | J2: =G2*H2 -> 28650 | K2: 37.54 | L2: =IF(G2<>"",J2-I2-K2,"") -> 2280.86 | M2: =IF(G2<>"",L2/I2*100,"") -> 8.6620638 | N2: 1500 | O2: =IF(G2<>"",L2/N2,"") -> 1.5205733 | P2: =IF(G2<>"",IF(L2>0,"盈","亏"),"") -> 盈 | Q2: =IF(G2<>"",IF(L2>0,ABS(L2)/N2,ABS(L2)/N2),"") -> 1.5205733 | R2: =IF(F2<>"",(I2-K2-N2)/H2,"") -> 41.323433 | S2: 中长线 | T2: 以为低点，想抄底的，结果炒到半山腰 | U2: 不想持仓了，想空仓一段时间。
A3: 国信 | B3: 46107 | C3: 46111 | D3: 690 | E3: 宝新能源 | F3: 5.802 | G3: 5.13 | H3: 4100 | I3: =F3*H3 -> 23788.2 | J3: =G3*H3 -> 21033 | K3: 7.47 | L3: =IF(G3<>"",J3-I3-K3,"") -> -2762.67 | M3: =IF(G3<>"",L3/I3*100,"") -> -11.613615 | N3: 1500 | O3: =IF(G3<>"",L3/N3,"") -> -1.84178 | P3: =IF(G3<>"",IF(L3>0,"盈","亏"),"") -> 亏 | Q3: =IF(G3<>"",IF(L3>0,ABS(L3)/N3,ABS(L3)/N3),"") -> 1.84178 | R3: =IF(F3<>"",(I3-K3-N3)/H3,"") -> 5.4343244 | S3: 短线 | T3: 首板，集合竞价买入，博二板 | U3: 电力板块走弱了，也超出了自己的盈亏R数了，果断清了
A4: 中信 | B4: 46108 | C4: 46115 | D4: 1896 | E4: 豫能控股 | F4: 15.624 | G4: 12.54 | H4: 4300 | I4: =F4*H4 -> 67183.2 | J4: =G4*H4 -> 53922 | K4: 16.79 | L4: =IF(G4<>"",J4-I4-K4,"") -> -13277.99 | M4: =IF(G4<>"",L4/I4*100,"") -> -19.763855 | N4: 2800 | O4: =IF(G4<>"",L4/N4,"") -> -4.7421393 | P4: =IF(G4<>"",IF(L4>0,"盈","亏"),"") -> 亏 | Q4: =IF(G4<>"",IF(L4>0,ABS(L4)/N4,ABS(L4)/N4),"") -> 4.7421393 | R4: =IF(F4<>"",(I4-K4-N4)/H4,"") -> 14.968933 | S4: 中长线 | T4: 算电协同，冲就完事了 | U4: 被大师兄割肉跑了，买了美利云。我觉得割早了，我本想的是长期持有到18元，目前来看算电协同应该是退朝了。
A5: 国信 | B5: 46112 | C5: 46113 | D5: 2675 | E5: 东诚药业 | F5: 14.978 | G5: 14.18 | H5: 700 | I5: =F5*H5 -> 10484.6 | J5: =G5*H5 -> 9926 | K5: 5.1 | L5: =IF(G5<>"",J5-I5-K5,"") -> -563.7 | M5: =IF(G5<>"",L5/I5*100,"") -> -5.3764569 | N5: 1500 | O5: =IF(G5<>"",L5/N5,"") -> -0.3758 | P5: =IF(G5<>"",IF(L5>0,"盈","亏"),"") -> 亏 | Q5: =IF(G5<>"",IF(L5>0,ABS(L5)/N5,ABS(L5)/N5),"") -> 0.3758 | R5: =IF(F5<>"",(I5-K5-N5)/H5,"") -> 12.827857 | S5: 短线 | T5: 以为医药是主线，集合竞价就买入了，结果又吃瘪了，看来自己不适合博弈二板的，适合等它回调后再买入。这种情况很容易追高，老是买在高价，有点赌博性质，所以以后不做这样的操作了。 | U5: 卖了，腾仓位买数据港，但貌似又卖飞了
A6: 国信 | B6: 46112 | C6: 46113 | D6: 2202 | E6: 金风科技 | F6: 27.939 | G6: 25.35 | H6: 1400 | I6: =F6*H6 -> 39114.6 | J6: =G6*H6 -> 35490 | K6: 12.3 | L6: =IF(G6<>"",J6-I6-K6,"") -> -3636.9 | M6: =IF(G6<>"",L6/I6*100,"") -> -9.2980626 | N6: 1500 | O6: =IF(G6<>"",L6/N6,"") -> -2.4246 | P6: =IF(G6<>"",IF(L6>0,"盈","亏"),"") -> 亏 | Q6: =IF(G6<>"",IF(L6>0,ABS(L6)/N6,ABS(L6)/N6),"") -> 2.4246 | R6: =IF(F6<>"",(I6-K6-N6)/H6,"") -> 26.858786 | S6: 短线 | T6: 商业航天回流，它还在相对低位，所以就买入了。但是我觉得，我还是比较适合2点半后买入比较合适，因为早上十点半前买入我容易买高位，不好把握。有时自己确实也比较容易冲动，管不住自己的手，还是得改，得再忍忍。 | U6: 跌破位了，不指望回本了，为自己的冲动买单。下次不能再这么冲动了。赶着给人家送钱，真想给自己两拳，但还是要稳住心态，心态不能炸，炸了操作就会变形，稳住心态。头脑一热，很容易追涨杀跌。
A7: 国信 | B7: 46113 | C7: 46122 | D7: 603881 | E7: 数据港 | F7: 37.996 | G7: 39.41 | H7: 1100 | I7: =F7*H7 -> 41795.6 | J7: =G7*H7 -> 43351 | K7: 55.43 | L7: =IF(G7<>"",J7-I7-K7,"") -> 1499.97 | M7: =IF(G7<>"",L7/I7*100,"") -> 3.5888227 | N7: 2000 | O7: =IF(G7<>"",L7/N7,"") -> 0.749985 | P7: =IF(G7<>"",IF(L7>0,"盈","亏"),"") -> 盈 | Q7: =IF(G7<>"",IF(L7>0,ABS(L7)/N7,ABS(L7)/N7),"") -> 0.749985 | R7: =IF(F7<>"",(I7-K7-N7)/H7,"") -> 36.127427 | S7: 中长线 | T7: 数据中心长期逻辑，似乎又买高了，看来不适合上午买票。如果非要上午买票，可以分批次买，先轻仓介入，后续看情况再买。
A8: 中信 | B8: 46115 | C8: 46127 | D8: 815 | E8: 美利云 | F8: 19.639 | G8: 20.75 | H8: 2700 | I8: =F8*H8 -> 53025.3 | J8: =G8*H8 -> 56025 | K8: 91.24 | L8: =IF(G8<>"",J8-I8-K8,"") -> 2908.46 | M8: =IF(G8<>"",L8/I8*100,"") -> 5.485042 | N8: 2000 | O8: =IF(G8<>"",L8/N8,"") -> 1.45423 | P8: =IF(G8<>"",IF(L8>0,"盈","亏"),"") -> 盈 | Q8: =IF(G8<>"",IF(L8>0,ABS(L8)/N8,ABS(L8)/N8),"") -> 1.45423 | R8: =IF(F8<>"",(I8-K8-N8)/H8,"") -> 18.864467 | S8: 中长线 | T8: 大师兄买入的 | U8: 没握住，卖完第二天就涨停了。不过卖飞总比亏损强
A9: 国信 | B9: 46122 | C9: 46128 | D9: 600869 | E9: 远东股份 | F9: 15.871 | G9: 14.07 | H9: 2900 | I9: =F9*H9 -> 46025.9 | J9: =G9*H9 -> 40803 | K9: 14.46 | L9: =IF(G9<>"",J9-I9-K9,"") -> -5237.36 | M9: =IF(G9<>"",L9/I9*100,"") -> -11.379158 | N9: 2000 | O9: =IF(G9<>"",L9/N9,"") -> -2.61868 | P9: =IF(G9<>"",IF(L9>0,"盈","亏"),"") -> 亏 | Q9: =IF(G9<>"",IF(L9>0,ABS(L9)/N9,ABS(L9)/N9),"") -> 2.61868 | R9: =IF(F9<>"",(I9-K9-N9)/H9,"") -> 15.176359 | S9: 短线 | T9: 多头趋势向上，站稳了5日线 | U9: 破位了14.2，卖太急了，条件单还是不要顺便乱设置
A10: 中信 | B10: 46127 | C10: 46129 | D10: 2046 | E10: 国机精工 | F10: 49.512 | G10: 50.05 | H10: 1000 | I10: =F10*H10 -> 49512 | J10: =G10*H10 -> 50050 | K10: 12.38 | L10: =IF(G10<>"",J10-I10-K10,"") -> 525.62 | M10: =IF(G10<>"",L10/I10*100,"") -> 1.0616012 | N10: 2400 | O10: =IF(G10<>"",L10/N10,"") -> 0.21900833 | P10: =IF(G10<>"",IF(L10>0,"盈","亏"),"") -> 盈 | Q10: =IF(G10<>"",IF(L10>0,ABS(L10)/N10,ABS(L10)/N10),"") -> 0.21900833 | R10: =IF(F10<>"",(I10-K10-N10)/H10,"") -> 47.09962 | S10: 短线 | T10: 趋势向上，但是买点似乎不是很好 | U10: 没看出很强，不懂里面逻辑，业绩估计也不是很好，所以清了。卖完第二天就大涨7%，分时一直在黄线之上，就要拿稳。我觉得一个股票还是要拿久一点，起码要以半月为准，除非大涨后，我觉得还是得耐心持股
A11: 国信 | B11: 46128 | C11: 46134 | D11: 600602 | E11: 云赛智联 | F11: 24.204 | G11: 22.76 | H11: 1700 | I11: =F11*H11 -> 41146.8 | J11: =G11*H11 -> 38692 | L11: =IF(G11<>"",J11-I11-K11,"") -> -2454.8 | M11: =IF(G11<>"",L11/I11*100,"") -> -5.965956 | N11: 2000 | O11: =IF(G11<>"",L11/N11,"") -> -1.2274 | P11: =IF(G11<>"",IF(L11>0,"盈","亏"),"") -> 亏 | Q11: =IF(G11<>"",IF(L11>0,ABS(L11)/N11,ABS(L11)/N11),"") -> 1.2274 | R11: =IF(F11<>"",(I11-K11-N11)/H11,"") -> 23.027529 | S11: 短线 | T11: 4.20补了一点仓 23.8，以为低点，还有更低点，还是太着急了，等待企稳后再买入会比较合适。
A12: 中信 | B12: 46132 | D12: 600552 | E12: 凯盛科技 | F12: 15.378 | H12: 2500 | I12: =F12*H12 -> 38445 | L12: =IF(G12<>"",J12-I12-K12,"") | M12: =IF(G12<>"",L12/I12*100,"") | N12: 2400 | P12: =IF(G12<>"",IF(L12>0,"盈","亏"),"") | R12: =IF(F12<>"",(I12-K12-N12)/H12,"") -> 14.418 | S12: 短线 | T12: UTG玻璃，有商业航天概念，前一天涨停，说明有资金进入。有点买高了，我觉得还是得尾盘来买入，等它企稳。还是得等回踩后再来介入比较合适

Sheet 交易统计
B1: 核心统计（仅统计已卖出交易） | C1: 未卖出交易不参与统计，避免影响数据准确性
A2: =COUNTIF(交易记录!P:P,"盈")+COUNTIF(交易记录!P:P,"亏") -> 10 | B2: 总交易次数（已卖出） | C2: 仅统计已完成的交易（买入+卖出）
A3: =COUNTIF(交易记录!P:P,"盈") -> 4 | B3: 盈利次数 | C3: 自动统计盈利交易的数量
A4: =COUNTIF(交易记录!P:P,"亏") -> 6 | B4: 亏损次数 | C4: 自动统计亏损交易的数量
A5: =IF(A2>0,A3/A2*100,"0") -> 40 | B5: 胜率（%） | C5: 盈利次数÷总交易次数，自动保留小数（可设置保留2位）
A6: =SUM(交易记录!L:L) -> -20718.51 | B6: 总盈亏金额（元） | C6: 所有已卖出交易的盈亏总和（扣手续费）
A7: =IF(A2>0,A6/A2,"0") -> -2071.851 | B7: 平均每笔盈亏（元） | C7: 总盈亏÷总交易次数，直观看每笔平均收益
A8: =IF(A3>0,AVERAGEIF(交易记录!O:O,">0",交易记录!O:O),"0") -> 0.98594917 | B8: 平均盈利R数 | C8: 仅统计盈利交易的平均R数，看盈利幅度
A9: =IF(A4>0,ABS(AVERAGEIF(交易记录!O:O,"<0",交易记录!O:O)),"0") -> 2.2050665 | B9: 平均亏损R数（绝对值） | C9: 仅统计亏损交易的平均R数（取绝对值），看亏损控制情况
A10: =IF(A9>0,A8/A9,"0") -> 0.44712898 | B10: 实际盈亏比 | C10: 平均盈利R÷平均亏损R，对比预设3:1目标，判断是否达标
A11: =IF(A2>0,(A5/100)*A8 - (1-A5/100)*A9,"0") -> -0.92866026 | B11: 每笔期望值（R） | C11: 核心公式！正=长期盈利，负=长期亏损，需重点关注
A12: =IF(A2>0,A11*AVERAGEIF(交易记录!N:N,">0",交易记录!N:N),"0") -> -1823.5511 | B12: 每笔期望值（元） | C12: 将R数换算成金额，更直观看每笔平均预期收益
A13: =SUM(交易记录!O:O) -> -9.2866026 | B13: 总盈亏R数 | C13: 所有已卖出交易的R数总和，看整体策略表现
A14: {=MAX(FREQUENCY(IF(交易记录!P:P="盈",ROW(交易记录!P:P)),IF(交易记录!P:P<>"盈",ROW(交易记录!P:P))))} -> 2 | B14: 最大连续盈利次数 | C14: 数组公式（输入后按Ctrl+Shift+Enter确认），看策略的盈利连贯性
A15: {=MAX(FREQUENCY(IF(交易记录!P:P="亏",ROW(交易记录!P:P)),IF(交易记录!P:P<>"亏",ROW(交易记录!P:P))))} -> 4 | B15: 最大连续亏损次数 | C15: 数组公式（按Ctrl+Shift+Enter确认），看策略的风险承受能力
B16: 未卖出股票统计 | C16: 统计未完成交易，便于跟踪持仓情况
A17: =COUNTA(交易记录!A:A)-1-A2 -> 1 | B17: 未卖出笔数 | C17: 总记录数-已卖出交易数=未卖出笔数
A18: =SUMIF(交易记录!G:G,"",交易记录!I:I) -> 38445 | B18: 未卖出总投入（元） | C18: 未卖出股票的总买入金额，便于管理仓位

Sheet 2026年月度收益
A1: 2026年 | B1: 自动统计当月已卖出的交易次数 | C1: 自动统计当月盈利的交易次数 | D1: 当月盈利次数÷当月交易次数 | E1: 自动统计当月所有已卖出交易的盈亏总和 | F1: 以5万本金为基准，计算当月收益率（可修改为本金实际金额） | G1: 从1月份开始，累计到当月的总盈亏 | H1: 累计盈亏÷5万本金，看长期收益情况
A2: 月份 | B2: 当月交易次数 | C2: 当月盈利次数 | D2: 当月胜率（%） | E2: 当月总盈亏（元） | F2: 当月收益率（%） | G2: 累计盈亏（元） | H2: 累计收益率（%）
A3: 1 | B3: =SUMPRODUCT((MONTH(交易记录!B:B)=A3)*(YEAR(交易记录!B:B)=$A$1)*(交易记录!P:P<>"")) -> #VALUE! | C3: {=SUMPRODUCT((MONTH(交易记录!B:B)=A3)*(YEAR(交易记录!B:B)=$A$1)*(交易记录!P:P="盈"))} -> #VALUE! | D3: =IF(B3>0,C3/B3*100,"0") -> #VALUE! | E3: =SUMPRODUCT((MONTH(交易记录!B:B)=A3)(YEAR(交易记录!B:B)=$A$1)(交易记录!K:K) | F3: =IF(E3>0,E3/50000*100,"0") -> #VALUE! | G3: =SUM($E$3:E3) -> 0 | H3: =IF(G3>0,G3/50000*100,"0") -> 0
A4: 2 | B4: =SUMPRODUCT((MONTH(交易记录!B:B)=A4)*(YEAR(交易记录!B:B)=$A$1)*(交易记录!P:P<>"")) -> #VALUE! | C4: {=SUMPRODUCT((MONTH(交易记录!B:B)=A4)*(YEAR(交易记录!B:B)=$A$1)*(交易记录!P:P="盈"))} -> #VALUE! | D4: =IF(B4>0,C4/B4*100,"0") -> #VALUE! | E4: =SUMPRODUCT((MONTH(交易记录!B:B)=A3)(YEAR(交易记录!B:B)=$A$2)(交易记录!K:K) | F4: =IF(E4>0,E4/50000*100,"0") -> #VALUE! | G4: =SUM($E$3:E4) -> 0 | H4: =IF(G4>0,G4/50000*100,"0") -> 0
A5: 3 | B5: =SUMPRODUCT((MONTH(交易记录!B:B)=A5)*(YEAR(交易记录!B:B)=$A$1)*(交易记录!P:P<>"")) -> #VALUE! | C5: {=SUMPRODUCT((MONTH(交易记录!B:B)=A5)*(YEAR(交易记录!B:B)=$A$1)*(交易记录!P:P="盈"))} -> #VALUE! | D5: =IF(B5>0,C5/B5*100,"0") -> #VALUE! | E5: =SUMPRODUCT((MONTH(交易记录!B:B)=A3)(YEAR(交易记录!B:B)=$A$3)(交易记录!K:K) | F5: =IF(E5>0,E5/50000*100,"0") -> #VALUE! | G5: =SUM($E$3:E5) -> 0 | H5: =IF(G5>0,G5/50000*100,"0") -> 0
A6: 4 | B6: =SUMPRODUCT((MONTH(交易记录!B:B)=A6)*(YEAR(交易记录!B:B)=$A$1)*(交易记录!P:P<>"")) -> #VALUE! | C6: {=SUMPRODUCT((MONTH(交易记录!B:B)=A6)*(YEAR(交易记录!B:B)=$A$1)*(交易记录!P:P="盈"))} -> #VALUE! | D6: =IF(B6>0,C6/B6*100,"0") -> #VALUE! | E6: =SUMPRODUCT((MONTH(交易记录!B:B)=A3)(YEAR(交易记录!B:B)=$A$4)(交易记录!K:K) | F6: =IF(E6>0,E6/50000*100,"0") -> #VALUE! | G6: =SUM($E$3:E6) -> 0 | H6: =IF(G6>0,G6/50000*100,"0") -> 0
A7: 5 | B7: =SUMPRODUCT((MONTH(交易记录!B:B)=A7)*(YEAR(交易记录!B:B)=$A$1)*(交易记录!P:P<>"")) -> #VALUE! | C7: {=SUMPRODUCT((MONTH(交易记录!B:B)=A7)*(YEAR(交易记录!B:B)=$A$1)*(交易记录!P:P="盈"))} -> #VALUE! | D7: =IF(B7>0,C7/B7*100,"0") -> #VALUE! | E7: =SUMPRODUCT((MONTH(交易记录!B:B)=A3)(YEAR(交易记录!B:B)=$A$5)(交易记录!K:K) | F7: =IF(E7>0,E7/50000*100,"0") -> #VALUE! | G7: =SUM($E$3:E7) -> 0 | H7: =IF(G7>0,G7/50000*100,"0") -> 0
A8: 6 | B8: =SUMPRODUCT((MONTH(交易记录!B:B)=A8)*(YEAR(交易记录!B:B)=$A$1)*(交易记录!P:P<>"")) -> #VALUE! | C8: {=SUMPRODUCT((MONTH(交易记录!B:B)=A8)*(YEAR(交易记录!B:B)=$A$1)*(交易记录!P:P="盈"))} -> #VALUE! | D8: =IF(B8>0,C8/B8*100,"0") -> #VALUE! | E8: =SUMPRODUCT((MONTH(交易记录!B:B)=A3)(YEAR(交易记录!B:B)=$A$6)(交易记录!K:K) | F8: =IF(E8>0,E8/50000*100,"0") -> #VALUE! | G8: =SUM($E$3:E8) -> 0 | H8: =IF(G8>0,G8/50000*100,"0") -> 0
A9: 7 | B9: =SUMPRODUCT((MONTH(交易记录!B:B)=A9)*(YEAR(交易记录!B:B)=$A$1)*(交易记录!P:P<>"")) -> #VALUE! | C9: {=SUMPRODUCT((MONTH(交易记录!B:B)=A9)*(YEAR(交易记录!B:B)=$A$1)*(交易记录!P:P="盈"))} -> #VALUE! | D9: =IF(B9>0,C9/B9*100,"0") -> #VALUE! | E9: =SUMPRODUCT((MONTH(交易记录!B:B)=A3)(YEAR(交易记录!B:B)=$A$7)(交易记录!K:K) | F9: =IF(E9>0,E9/50000*100,"0") -> #VALUE! | G9: =SUM($E$3:E9) -> 0 | H9: =IF(G9>0,G9/50000*100,"0") -> 0
A10: 8 | B10: =SUMPRODUCT((MONTH(交易记录!B:B)=A10)*(YEAR(交易记录!B:B)=$A$1)*(交易记录!P:P<>"")) -> #VALUE! | C10: {=SUMPRODUCT((MONTH(交易记录!B:B)=A10)*(YEAR(交易记录!B:B)=$A$1)*(交易记录!P:P="盈"))} -> #VALUE! | D10: =IF(B10>0,C10/B10*100,"0") -> #VALUE! | E10: =SUMPRODUCT((MONTH(交易记录!B:B)=A3)(YEAR(交易记录!B:B)=$A$8)(交易记录!K:K) | F10: =IF(E10>0,E10/50000*100,"0") -> #VALUE! | G10: =SUM($E$3:E10) -> 0 | H10: =IF(G10>0,G10/50000*100,"0") -> 0
A11: 9 | B11: =SUMPRODUCT((MONTH(交易记录!B:B)=A11)*(YEAR(交易记录!B:B)=$A$1)*(交易记录!P:P<>"")) -> #VALUE! | C11: {=SUMPRODUCT((MONTH(交易记录!B:B)=A11)*(YEAR(交易记录!B:B)=$A$1)*(交易记录!P:P="盈"))} -> #VALUE! | D11: =IF(B11>0,C11/B11*100,"0") -> #VALUE! | E11: =SUMPRODUCT((MONTH(交易记录!B:B)=A3)(YEAR(交易记录!B:B)=$A$9)(交易记录!K:K) | F11: =IF(E11>0,E11/50000*100,"0") -> #VALUE! | G11: =SUM($E$3:E11) -> 0 | H11: =IF(G11>0,G11/50000*100,"0") -> 0
A12: 10 | B12: =SUMPRODUCT((MONTH(交易记录!B:B)=A12)*(YEAR(交易记录!B:B)=$A$1)*(交易记录!P:P<>"")) -> #VALUE! | C12: {=SUMPRODUCT((MONTH(交易记录!B:B)=A12)*(YEAR(交易记录!B:B)=$A$1)*(交易记录!P:P="盈"))} -> #VALUE! | D12: =IF(B12>0,C12/B12*100,"0") -> #VALUE! | E12: =SUMPRODUCT((MONTH(交易记录!B:B)=A3)(YEAR(交易记录!B:B)=$A$10)(交易记录!K:K) | F12: =IF(E12>0,E12/50000*100,"0") -> #VALUE! | G12: =SUM($E$3:E12) -> 0 | H12: =IF(G12>0,G12/50000*100,"0") -> 0
A13: 11 | B13: =SUMPRODUCT((MONTH(交易记录!B:B)=A13)*(YEAR(交易记录!B:B)=$A$1)*(交易记录!P:P<>"")) -> #VALUE! | C13: {=SUMPRODUCT((MONTH(交易记录!B:B)=A13)*(YEAR(交易记录!B:B)=$A$1)*(交易记录!P:P="盈"))} -> #VALUE! | D13: =IF(B13>0,C13/B13*100,"0") -> #VALUE! | E13: =SUMPRODUCT((MONTH(交易记录!B:B)=A3)(YEAR(交易记录!B:B)=$A$11)(交易记录!K:K) | F13: =IF(E13>0,E13/50000*100,"0") -> #VALUE! | G13: =SUM($E$3:E13) -> 0 | H13: =IF(G13>0,G13/50000*100,"0") -> 0
A14: 12 | B14: =SUMPRODUCT((MONTH(交易记录!B:B)=A14)*(YEAR(交易记录!B:B)=$A$1)*(交易记录!P:P<>"")) -> #VALUE! | C14: {=SUMPRODUCT((MONTH(交易记录!B:B)=A14)*(YEAR(交易记录!B:B)=$A$1)*(交易记录!P:P="盈"))} -> #VALUE! | D14: =IF(B14>0,C14/B14*100,"0") -> #VALUE! | E14: =SUMPRODUCT((MONTH(交易记录!B:B)=A3)(YEAR(交易记录!B:B)=$A$12)(交易记录!K:K) | F14: =IF(E14>0,E14/50000*100,"0") -> #VALUE! | G14: =SUM($E$3:E14) -> 0 | H14: =IF(G14>0,G14/50000*100,"0") -> 0

Sheet 压力测试
A1: 基础参数
A2: 初始本金（元） | B2: 70000
A3: 单笔风险1R（元） | B3: 2100
A5: 连续亏损测试
A6: 连续亏损次数 | B6: 累计亏损金额（元） | C6: 剩余本金（元） | D6: 回本所需涨幅（%） | E6: 风险提示
A7: 1 | B7: =A7*$B$3 -> 2100 | C7: =$B$2-B7 -> 67900 | D7: =IF(C7<$B$2,($B$2-C7)/C7*100,"0") -> 3.0927835 | E7: =IF(D7>10,"风险较高，需控制连续亏损次数","风险可控") -> 风险可控
A8: 2 | B8: =A8*$B$3 -> 4200 | C8: =$B$2-B8 -> 65800 | D8: =IF(C8<$B$2,($B$2-C8)/C8*100,"0") -> 6.3829787 | E8: =IF(D8>10,"风险较高，需控制连续亏损次数","风险可控") -> 风险可控
A9: 3 | B9: =A9*$B$3 -> 6300 | C9: =$B$2-B9 -> 63700 | D9: =IF(C9<$B$2,($B$2-C9)/C9*100,"0") -> 9.8901099 | E9: =IF(D9>10,"风险较高，需控制连续亏损次数","风险可控") -> 风险可控
A10: 4 | B10: =A10*$B$3 -> 8400 | C10: =$B$2-B10 -> 61600 | D10: =IF(C10<$B$2,($B$2-C10)/C10*100,"0") -> 13.636364 | E10: =IF(D10>10,"风险较高，需控制连续亏损次数","风险可控") -> 风险较高，需控制连续亏损次数
A11: 5 | B11: =A11*$B$3 -> 10500 | C11: =$B$2-B11 -> 59500 | D11: =IF(C11<$B$2,($B$2-C11)/C11*100,"0") -> 17.647059 | E11: =IF(D11>10,"风险较高，需控制连续亏损次数","风险可控") -> 风险较高，需控制连续亏损次数
A12: 6 | B12: =A12*$B$3 -> 12600 | C12: =$B$2-B12 -> 57400 | D12: =IF(C12<$B$2,($B$2-C12)/C12*100,"0") -> 21.95122 | E12: =IF(D12>10,"风险较高，需控制连续亏损次数","风险可控") -> 风险较高，需控制连续亏损次数
A13: 7 | B13: =A13*$B$3 -> 14700 | C13: =$B$2-B13 -> 55300 | D13: =IF(C13<$B$2,($B$2-C13)/C13*100,"0") -> 26.582278 | E13: =IF(D13>10,"风险较高，需控制连续亏损次数","风险可控") -> 风险较高，需控制连续亏损次数
A14: 8 | B14: =A14*$B$3 -> 16800 | C14: =$B$2-B14 -> 53200 | D14: =IF(C14<$B$2,($B$2-C14)/C14*100,"0") -> 31.578947 | E14: =IF(D14>10,"风险较高，需控制连续亏损次数","风险可控") -> 风险较高，需控制连续亏损次数
A15: 9 | B15: =A15*$B$3 -> 18900 | C15: =$B$2-B15 -> 51100 | D15: =IF(C15<$B$2,($B$2-C15)/C15*100,"0") -> 36.986301 | E15: =IF(D15>10,"风险较高，需控制连续亏损次数","风险可控") -> 风险较高，需控制连续亏损次数
A16: 10 | B16: =A16*$B$3 -> 21000 | C16: =$B$2-B16 -> 49000 | D16: =IF(C16<$B$2,($B$2-C16)/C16*100,"0") -> 42.857143 | E16: =IF(D16>10,"风险较高，需控制连续亏损次数","风险可控") -> 风险较高，需控制连续亏损次数
