Workbook

Sheet 交易记录
A1: 账户 | B1: 交易日期 | C1: 股票代码 | D1: 股票名称 | E1: 成本价(元) | F1: 卖出价(元) | G1: 数量(股) | H1: 买入金额(元） | I1: 卖出金额（元） | J1: 手续费 | K1: 实际盈亏金额（元） | L1: 盈亏比例（%） | M1: 单笔风险1R(元）(按当前账户本金亏损的3%来算) | N1: 盈亏R数 | O1: 是否盈利 | P1: 实际盈亏比 | Q1: 亏损1R的卖出价 | R1: 策略类型 | S1: 买点逻辑 | T1: 止损止盈原因
A2: 国信 | B2: 46100 | C2: 600498 | D2: 烽火通信 | E2: 43.886 | G2: 600 | H2: =E2*G2 -> 26331.6 | I2: =F2*G2 -> 0 | M2: 1500 | N2: =IF(F2<>"",K2/M2,"") | O2: =IF(F2<>"",IF(K2>0,"盈","亏"),"") | P2: =IF(F2<>"",IF(K2>0,ABS(K2)/M2,ABS(K2)/M2),"") | Q2: =IF(E2<>"",(H2-J2-M2)/G2,"") -> 41.386 | R2: 中长线 | S2: 以为低点，想抄底的，结果炒到半山腰
A3: 国信 | B3: 46107 | C3: 690 | D3: 宝新能源 | E3: 5.802 | G3: 4100 | H3: =E3*G3 -> 23788.2 | I3: =F3*G3 -> 0 | K3: =IF(F3<>"",I3-H3-J3,"") | L3: =IF(F3<>"",K3/H3*100,"") | M3: 1500 | N3: =IF(F3<>"",K3/M3,"") | O3: =IF(F3<>"",IF(K3>0,"盈","亏"),"") | P3: =IF(F3<>"",IF(K3>0,ABS(K3)/M3,ABS(K3)/M3),"") | Q3: =IF(E3<>"",(H3-J3-M3)/G3,"") -> 5.4361463 | R3: 短线 | S3: 首板，集合竞价买入，博二板
A4: 中信 | B4: 46108 | C4: 1896 | D4: 豫能控股 | E4: 15.624 | G4: 4300 | H4: =E4*G4 -> 67183.2 | I4: =F4*G4 -> 0 | K4: =IF(F4<>"",I4-H4-J4,"") | M4: 2100 | Q4: =IF(E4<>"",(H4-J4-M4)/G4,"") -> 15.135628 | R4: 短线 | S4: 算电协同，冲就完事了

Sheet 交易统计
B1: 核心统计（仅统计已卖出交易） | C1: 未卖出交易不参与统计，避免影响数据准确性
A2: =COUNTIF(交易记录!O:O,"盈")+COUNTIF(交易记录!O:O,"亏") -> 0 | B2: 总交易次数（已卖出） | C2: 仅统计已完成的交易（买入+卖出）
A3: =COUNTIF(交易记录!O:O,"盈") -> 0 | B3: 盈利次数 | C3: 自动统计盈利交易的数量
A4: =COUNTIF(交易记录!O:O,"亏") -> 0 | B4: 亏损次数 | C4: 自动统计亏损交易的数量
A5: =IF(A2>0,A3/A2*100,"0") -> 0 | B5: 胜率（%） | C5: 盈利次数÷总交易次数，自动保留小数（可设置保留2位）
A6: =SUM(交易记录!K:K) -> 0 | B6: 总盈亏金额（元） | C6: 所有已卖出交易的盈亏总和（扣手续费）
A7: =IF(A2>0,A6/A2,"0") -> 0 | B7: 平均每笔盈亏（元） | C7: 总盈亏÷总交易次数，直观看每笔平均收益
A8: =IF(A3>0,AVERAGEIF(交易记录!N:N,">0",交易记录!N:N),"0") -> 0 | B8: 平均盈利R数 | C8: 仅统计盈利交易的平均R数，看盈利幅度
A9: =IF(A4>0,ABS(AVERAGEIF(交易记录!N:N,"<0",交易记录!N:N)),"0") -> 0 | B9: 平均亏损R数（绝对值） | C9: 仅统计亏损交易的平均R数（取绝对值），看亏损控制情况
A10: =IF(A9>0,A8/A9,"0") -> #DIV/0! | B10: 实际盈亏比 | C10: 平均盈利R÷平均亏损R，对比预设3:1目标，判断是否达标
A11: =IF(A2>0,(A5/100)*A8 - (1-A5/100)*A9,"0") -> 0 | B11: 每笔期望值（R） | C11: 核心公式！正=长期盈利，负=长期亏损，需重点关注
A12: =IF(A2>0,A11*AVERAGEIF(交易记录!M:M,">0",交易记录!M:M),"0") -> 0 | B12: 每笔期望值（元） | C12: 将R数换算成金额，更直观看每笔平均预期收益
A13: =SUM(交易记录!N:N) -> 0 | B13: 总盈亏R数 | C13: 所有已卖出交易的R数总和，看整体策略表现
A14: {=MAX(FREQUENCY(IF(交易记录!O:O="盈",ROW(交易记录!O:O)),IF(交易记录!O:O<>"盈",ROW(交易记录!O:O))))} -> 0 | B14: 最大连续盈利次数 | C14: 数组公式（输入后按Ctrl+Shift+Enter确认），看策略的盈利连贯性
A15: {=MAX(FREQUENCY(IF(交易记录!O:O="亏",ROW(交易记录!O:O)),IF(交易记录!O:O<>"亏",ROW(交易记录!O:O))))} -> 0 | B15: 最大连续亏损次数 | C15: 数组公式（按Ctrl+Shift+Enter确认），看策略的风险承受能力
B16: 未卖出股票统计 | C16: 统计未完成交易，便于跟踪持仓情况
A17: =COUNTA(交易记录!A:A)-1-A2 -> 3 | B17: 未卖出笔数 | C17: 总记录数-已卖出交易数=未卖出笔数
A18: =SUMIF(交易记录!F:F,"",交易记录!H:H) -> 117303 | B18: 未卖出总投入（元） | C18: 未卖出股票的总买入金额，便于管理仓位

Sheet 2026年月度收益
A1: 2026年 | B1: 自动统计当月已卖出的交易次数 | C1: 自动统计当月盈利的交易次数 | D1: 当月盈利次数÷当月交易次数 | E1: 自动统计当月所有已卖出交易的盈亏总和 | F1: 以5万本金为基准，计算当月收益率（可修改为本金实际金额） | G1: 从1月份开始，累计到当月的总盈亏 | H1: 累计盈亏÷5万本金，看长期收益情况
A2: 月份 | B2: 当月交易次数 | C2: 当月盈利次数 | D2: 当月胜率（%） | E2: 当月总盈亏（元） | F2: 当月收益率（%） | G2: 累计盈亏（元） | H2: 累计收益率（%）
A3: 1 | B3: =SUMPRODUCT((MONTH(交易记录!B:B)=A3)*(YEAR(交易记录!B:B)=$A$1)*(交易记录!O:O<>"")) -> #VALUE! | C3: {=SUMPRODUCT((MONTH(交易记录!B:B)=A3)*(YEAR(交易记录!B:B)=$A$1)*(交易记录!O:O="盈"))} -> #VALUE! | D3: =IF(B3>0,C3/B3*100,"0") -> #VALUE! | E3: =SUMPRODUCT((MONTH(交易记录!B:B)=A3)(YEAR(交易记录!B:B)=$A$1)(交易记录!K:K) | F3: =IF(E3>0,E3/50000*100,"0") -> #VALUE! | G3: =SUM($E$3:E3) -> 0 | H3: =IF(G3>0,G3/50000*100,"0") -> 0
A4: 2 | B4: =SUMPRODUCT((MONTH(交易记录!B:B)=A4)*(YEAR(交易记录!B:B)=$A$1)*(交易记录!O:O<>"")) -> #VALUE! | C4: {=SUMPRODUCT((MONTH(交易记录!B:B)=A4)*(YEAR(交易记录!B:B)=$A$1)*(交易记录!O:O="盈"))} -> #VALUE! | D4: =IF(B4>0,C4/B4*100,"0") -> #VALUE! | E4: =SUMPRODUCT((MONTH(交易记录!B:B)=A3)(YEAR(交易记录!B:B)=$A$2)(交易记录!K:K) | F4: =IF(E4>0,E4/50000*100,"0") -> #VALUE! | G4: =SUM($E$3:E4) -> 0 | H4: =IF(G4>0,G4/50000*100,"0") -> 0
A5: 3 | B5: =SUMPRODUCT((MONTH(交易记录!B:B)=A5)*(YEAR(交易记录!B:B)=$A$1)*(交易记录!O:O<>"")) -> #VALUE! | C5: {=SUMPRODUCT((MONTH(交易记录!B:B)=A5)*(YEAR(交易记录!B:B)=$A$1)*(交易记录!O:O="盈"))} -> #VALUE! | D5: =IF(B5>0,C5/B5*100,"0") -> #VALUE! | E5: =SUMPRODUCT((MONTH(交易记录!B:B)=A3)(YEAR(交易记录!B:B)=$A$3)(交易记录!K:K) | F5: =IF(E5>0,E5/50000*100,"0") -> #VALUE! | G5: =SUM($E$3:E5) -> 0 | H5: =IF(G5>0,G5/50000*100,"0") -> 0
A6: 4 | B6: =SUMPRODUCT((MONTH(交易记录!B:B)=A6)*(YEAR(交易记录!B:B)=$A$1)*(交易记录!O:O<>"")) -> #VALUE! | C6: {=SUMPRODUCT((MONTH(交易记录!B:B)=A6)*(YEAR(交易记录!B:B)=$A$1)*(交易记录!O:O="盈"))} -> #VALUE! | D6: =IF(B6>0,C6/B6*100,"0") -> #VALUE! | E6: =SUMPRODUCT((MONTH(交易记录!B:B)=A3)(YEAR(交易记录!B:B)=$A$4)(交易记录!K:K) | F6: =IF(E6>0,E6/50000*100,"0") -> #VALUE! | G6: =SUM($E$3:E6) -> 0 | H6: =IF(G6>0,G6/50000*100,"0") -> 0
A7: 5 | B7: =SUMPRODUCT((MONTH(交易记录!B:B)=A7)*(YEAR(交易记录!B:B)=$A$1)*(交易记录!O:O<>"")) -> #VALUE! | C7: {=SUMPRODUCT((MONTH(交易记录!B:B)=A7)*(YEAR(交易记录!B:B)=$A$1)*(交易记录!O:O="盈"))} -> #VALUE! | D7: =IF(B7>0,C7/B7*100,"0") -> #VALUE! | E7: =SUMPRODUCT((MONTH(交易记录!B:B)=A3)(YEAR(交易记录!B:B)=$A$5)(交易记录!K:K) | F7: =IF(E7>0,E7/50000*100,"0") -> #VALUE! | G7: =SUM($E$3:E7) -> 0 | H7: =IF(G7>0,G7/50000*100,"0") -> 0
A8: 6 | B8: =SUMPRODUCT((MONTH(交易记录!B:B)=A8)*(YEAR(交易记录!B:B)=$A$1)*(交易记录!O:O<>"")) -> #VALUE! | C8: {=SUMPRODUCT((MONTH(交易记录!B:B)=A8)*(YEAR(交易记录!B:B)=$A$1)*(交易记录!O:O="盈"))} -> #VALUE! | D8: =IF(B8>0,C8/B8*100,"0") -> #VALUE! | E8: =SUMPRODUCT((MONTH(交易记录!B:B)=A3)(YEAR(交易记录!B:B)=$A$6)(交易记录!K:K) | F8: =IF(E8>0,E8/50000*100,"0") -> #VALUE! | G8: =SUM($E$3:E8) -> 0 | H8: =IF(G8>0,G8/50000*100,"0") -> 0
A9: 7 | B9: =SUMPRODUCT((MONTH(交易记录!B:B)=A9)*(YEAR(交易记录!B:B)=$A$1)*(交易记录!O:O<>"")) -> #VALUE! | C9: {=SUMPRODUCT((MONTH(交易记录!B:B)=A9)*(YEAR(交易记录!B:B)=$A$1)*(交易记录!O:O="盈"))} -> #VALUE! | D9: =IF(B9>0,C9/B9*100,"0") -> #VALUE! | E9: =SUMPRODUCT((MONTH(交易记录!B:B)=A3)(YEAR(交易记录!B:B)=$A$7)(交易记录!K:K) | F9: =IF(E9>0,E9/50000*100,"0") -> #VALUE! | G9: =SUM($E$3:E9) -> 0 | H9: =IF(G9>0,G9/50000*100,"0") -> 0
A10: 8 | B10: =SUMPRODUCT((MONTH(交易记录!B:B)=A10)*(YEAR(交易记录!B:B)=$A$1)*(交易记录!O:O<>"")) -> #VALUE! | C10: {=SUMPRODUCT((MONTH(交易记录!B:B)=A10)*(YEAR(交易记录!B:B)=$A$1)*(交易记录!O:O="盈"))} -> #VALUE! | D10: =IF(B10>0,C10/B10*100,"0") -> #VALUE! | E10: =SUMPRODUCT((MONTH(交易记录!B:B)=A3)(YEAR(交易记录!B:B)=$A$8)(交易记录!K:K) | F10: =IF(E10>0,E10/50000*100,"0") -> #VALUE! | G10: =SUM($E$3:E10) -> 0 | H10: =IF(G10>0,G10/50000*100,"0") -> 0
A11: 9 | B11: =SUMPRODUCT((MONTH(交易记录!B:B)=A11)*(YEAR(交易记录!B:B)=$A$1)*(交易记录!O:O<>"")) -> #VALUE! | C11: {=SUMPRODUCT((MONTH(交易记录!B:B)=A11)*(YEAR(交易记录!B:B)=$A$1)*(交易记录!O:O="盈"))} -> #VALUE! | D11: =IF(B11>0,C11/B11*100,"0") -> #VALUE! | E11: =SUMPRODUCT((MONTH(交易记录!B:B)=A3)(YEAR(交易记录!B:B)=$A$9)(交易记录!K:K) | F11: =IF(E11>0,E11/50000*100,"0") -> #VALUE! | G11: =SUM($E$3:E11) -> 0 | H11: =IF(G11>0,G11/50000*100,"0") -> 0
A12: 10 | B12: =SUMPRODUCT((MONTH(交易记录!B:B)=A12)*(YEAR(交易记录!B:B)=$A$1)*(交易记录!O:O<>"")) -> #VALUE! | C12: {=SUMPRODUCT((MONTH(交易记录!B:B)=A12)*(YEAR(交易记录!B:B)=$A$1)*(交易记录!O:O="盈"))} -> #VALUE! | D12: =IF(B12>0,C12/B12*100,"0") -> #VALUE! | E12: =SUMPRODUCT((MONTH(交易记录!B:B)=A3)(YEAR(交易记录!B:B)=$A$10)(交易记录!K:K) | F12: =IF(E12>0,E12/50000*100,"0") -> #VALUE! | G12: =SUM($E$3:E12) -> 0 | H12: =IF(G12>0,G12/50000*100,"0") -> 0
A13: 11 | B13: =SUMPRODUCT((MONTH(交易记录!B:B)=A13)*(YEAR(交易记录!B:B)=$A$1)*(交易记录!O:O<>"")) -> #VALUE! | C13: {=SUMPRODUCT((MONTH(交易记录!B:B)=A13)*(YEAR(交易记录!B:B)=$A$1)*(交易记录!O:O="盈"))} -> #VALUE! | D13: =IF(B13>0,C13/B13*100,"0") -> #VALUE! | E13: =SUMPRODUCT((MONTH(交易记录!B:B)=A3)(YEAR(交易记录!B:B)=$A$11)(交易记录!K:K) | F13: =IF(E13>0,E13/50000*100,"0") -> #VALUE! | G13: =SUM($E$3:E13) -> 0 | H13: =IF(G13>0,G13/50000*100,"0") -> 0
A14: 12 | B14: =SUMPRODUCT((MONTH(交易记录!B:B)=A14)*(YEAR(交易记录!B:B)=$A$1)*(交易记录!O:O<>"")) -> #VALUE! | C14: {=SUMPRODUCT((MONTH(交易记录!B:B)=A14)*(YEAR(交易记录!B:B)=$A$1)*(交易记录!O:O="盈"))} -> #VALUE! | D14: =IF(B14>0,C14/B14*100,"0") -> #VALUE! | E14: =SUMPRODUCT((MONTH(交易记录!B:B)=A3)(YEAR(交易记录!B:B)=$A$12)(交易记录!K:K) | F14: =IF(E14>0,E14/50000*100,"0") -> #VALUE! | G14: =SUM($E$3:E14) -> 0 | H14: =IF(G14>0,G14/50000*100,"0") -> 0

Sheet 压力测试
A1: 基础参数
A2: 初始本金（元） | B2: 50000
A3: 单笔风险1R（元） | B3: =AVERAGEIF(交易记录!M:M,">0",交易记录!M:M) -> 1700
A5: 连续亏损测试
A6: 连续亏损次数 | B6: 累计亏损金额（元） | C6: 剩余本金（元） | D6: 回本所需涨幅（%） | E6: 风险提示
A7: 1 | B7: =A7*$B$3 -> 1700 | C7: =$B$2-B7 -> 48300 | D7: =IF(C7<$B$2,($B$2-C7)/C7*100,"0") -> 3.5196687 | E7: =IF(D7>10,"风险较高，需控制连续亏损次数","风险可控") -> 风险可控
A8: 2 | B8: =A8*$B$3 -> 3400 | C8: =$B$2-B8 -> 46600 | D8: =IF(C8<$B$2,($B$2-C8)/C8*100,"0") -> 7.2961373 | E8: =IF(D8>10,"风险较高，需控制连续亏损次数","风险可控") -> 风险可控
A9: 3 | B9: =A9*$B$3 -> 5100 | C9: =$B$2-B9 -> 44900 | D9: =IF(C9<$B$2,($B$2-C9)/C9*100,"0") -> 11.358575 | E9: =IF(D9>10,"风险较高，需控制连续亏损次数","风险可控") -> 风险较高，需控制连续亏损次数
A10: 4 | B10: =A10*$B$3 -> 6800 | C10: =$B$2-B10 -> 43200 | D10: =IF(C10<$B$2,($B$2-C10)/C10*100,"0") -> 15.740741 | E10: =IF(D10>10,"风险较高，需控制连续亏损次数","风险可控") -> 风险较高，需控制连续亏损次数
A11: 5 | B11: =A11*$B$3 -> 8500 | C11: =$B$2-B11 -> 41500 | D11: =IF(C11<$B$2,($B$2-C11)/C11*100,"0") -> 20.481928 | E11: =IF(D11>10,"风险较高，需控制连续亏损次数","风险可控") -> 风险较高，需控制连续亏损次数
A12: 6 | B12: =A12*$B$3 -> 10200 | C12: =$B$2-B12 -> 39800 | D12: =IF(C12<$B$2,($B$2-C12)/C12*100,"0") -> 25.628141 | E12: =IF(D12>10,"风险较高，需控制连续亏损次数","风险可控") -> 风险较高，需控制连续亏损次数
A13: 7 | B13: =A13*$B$3 -> 11900 | C13: =$B$2-B13 -> 38100 | D13: =IF(C13<$B$2,($B$2-C13)/C13*100,"0") -> 31.233596 | E13: =IF(D13>10,"风险较高，需控制连续亏损次数","风险可控") -> 风险较高，需控制连续亏损次数
A14: 8 | B14: =A14*$B$3 -> 13600 | C14: =$B$2-B14 -> 36400 | D14: =IF(C14<$B$2,($B$2-C14)/C14*100,"0") -> 37.362637 | E14: =IF(D14>10,"风险较高，需控制连续亏损次数","风险可控") -> 风险较高，需控制连续亏损次数
A15: 9 | B15: =A15*$B$3 -> 15300 | C15: =$B$2-B15 -> 34700 | D15: =IF(C15<$B$2,($B$2-C15)/C15*100,"0") -> 44.092219 | E15: =IF(D15>10,"风险较高，需控制连续亏损次数","风险可控") -> 风险较高，需控制连续亏损次数
A16: 10 | B16: =A16*$B$3 -> 17000 | C16: =$B$2-B16 -> 33000 | D16: =IF(C16<$B$2,($B$2-C16)/C16*100,"0") -> 51.515152 | E16: =IF(D16>10,"风险较高，需控制连续亏损次数","风险可控") -> 风险较高，需控制连续亏损次数
